	domain	phylum	class	order	family	genus	species
ASV_1	Bacteria	Bacteroidota	Bacteroidia	Bacteroidales	Prevotellaceae	Prevotella	NA
ASV_2	Bacteria	Bacteroidota	Bacteroidia	Bacteroidales	Prevotellaceae	Prevotella	NA
ASV_3	Bacteria	Verrucomicrobiota	Verrucomicrobiae	Verrucomicrobiales	Akkermansiaceae	Akkermansia	NA
ASV_4	Bacteria	Actinobacteriota	Coriobacteriia	Coriobacteriales	Coriobacteriaceae	Collinsella	NA
ASV_5	Bacteria	Bacteroidota	Bacteroidia	Bacteroidales	Bacteroidaceae	Bacteroides	NA
ASV_6	Bacteria	Firmicutes	Clostridia	Lachnospirales	Lachnospiraceae	NA	NA
ASV_7	Bacteria	Bacteroidota	Bacteroidia	Bacteroidales	Bacteroidaceae	Bacteroides	NA
ASV_8	Bacteria	Proteobacteria	Gammaproteobacteria	Enterobacterales	Enterobacteriaceae	NA	NA
ASV_9	Bacteria	Verrucomicrobiota	Verrucomicrobiae	Verrucomicrobiales	Akkermansiaceae	Akkermansia	NA
ASV_10	Bacteria	Bacteroidota	Bacteroidia	Bacteroidales	Marinifilaceae	Odoribacter	NA
ASV_11	Bacteria	Firmicutes	Clostridia	Lachnospirales	Lachnospiraceae	NA	NA
ASV_12	Bacteria	Bacteroidota	Bacteroidia	Bacteroidales	Bacteroidaceae	Bacteroides	NA
ASV_13	Bacteria	Bacteroidota	Bacteroidia	Bacteroidales	Prevotellaceae	Prevotella	NA
ASV_14	Bacteria	Bacteroidota	Bacteroidia	Bacteroidales	Bacteroidaceae	Bacteroides	NA
ASV_15	Bacteria	Verrucomicrobiota	Verrucomicrobiae	Verrucomicrobiales	Akkermansiaceae	Akkermansia	NA
ASV_16	Bacteria	Firmicutes	Negativicutes	Acidaminococcales	Acidaminococcaceae	Phascolarctobacterium	NA
ASV_17	Bacteria	Bacteroidota	Bacteroidia	Bacteroidales	Rikenellaceae	Alistipes	NA
ASV_18	Bacteria	Bacteroidota	Bacteroidia	Bacteroidales	Bacteroidaceae	Bacteroides	NA
ASV_19	Bacteria	Firmicutes	Clostridia	Lachnospirales	Lachnospiraceae	NA	NA
ASV_20	Archaea	Euryarchaeota	Methanobacteria	Methanobacteriales	Methanobacteriaceae	Methanobrevibacter	NA
ASV_21	Bacteria	Firmicutes	Clostridia	Oscillospirales	Oscillospiraceae	NA	NA
ASV_22	Bacteria	Firmicutes	Clostridia	Oscillospirales	Ruminococcaceae	Faecalibacterium	NA
ASV_23	Bacteria	Firmicutes	Clostridia	Lachnospirales	Lachnospiraceae	NA	NA
ASV_24	Bacteria	Actinobacteriota	Actinobacteria	Bifidobacteriales	Bifidobacteriaceae	Bifidobacterium	NA
ASV_25	Bacteria	Firmicutes	Clostridia	Lachnospirales	Lachnospiraceae	NA	NA
ASV_26	Bacteria	Firmicutes	Clostridia	NA	NA	NA	NA
ASV_27	Bacteria	Firmicutes	Clostridia	Lachnospirales	Lachnospiraceae	NA	NA
ASV_28	Bacteria	Firmicutes	Bacilli	Lactobacillales	Streptococcaceae	Streptococcus	NA
ASV_29	Bacteria	Firmicutes	Clostridia	Oscillospirales	Ruminococcaceae	NA	NA
ASV_30	Bacteria	Actinobacteriota	Actinobacteria	Bifidobacteriales	Bifidobacteriaceae	Bifidobacterium	NA
ASV_31	Bacteria	Firmicutes	Clostridia	Lachnospirales	Lachnospiraceae	NA	NA
ASV_32	Bacteria	Firmicutes	Clostridia	Oscillospirales	Ruminococcaceae	NA	NA
ASV_33	Bacteria	Firmicutes	Clostridia	Lachnospirales	Lachnospiraceae	NA	NA
ASV_34	Bacteria	Firmicutes	Clostridia	Clostridiales	Clostridiaceae	Clostridium sensu stricto 1	NA
ASV_35	Bacteria	Bacteroidota	Bacteroidia	Bacteroidales	Tannerellaceae	Parabacteroides	NA
ASV_36	Bacteria	Firmicutes	Clostridia	Christensenellales	Christensenellaceae	Christensenellaceae R-7 group	NA
ASV_37	Bacteria	Bacteroidota	Bacteroidia	Bacteroidales	Bacteroidaceae	Bacteroides	NA
ASV_38	Bacteria	Firmicutes	Bacilli	Erysipelotrichales	Erysipelatoclostridiaceae	Erysipelotrichaceae UCG-003	NA
ASV_39	Bacteria	Firmicutes	Clostridia	Lachnospirales	Lachnospiraceae	Lachnoclostridium	NA
ASV_40	Bacteria	Bacteroidota	Bacteroidia	Bacteroidales	Bacteroidaceae	Bacteroides	NA
ASV_41	Bacteria	Firmicutes	Clostridia	Oscillospirales	Ruminococcaceae	Faecalibacterium	NA
ASV_42	Bacteria	Bacteroidota	Bacteroidia	Bacteroidales	Bacteroidaceae	Bacteroides	NA
ASV_43	Bacteria	Bacteroidota	Bacteroidia	Bacteroidales	Prevotellaceae	NA	NA
ASV_44	Bacteria	Firmicutes	Clostridia	Oscillospirales	Oscillospiraceae	NA	NA
ASV_45	Bacteria	Bacteroidota	Bacteroidia	Bacteroidales	Bacteroidaceae	Bacteroides	NA
ASV_46	Bacteria	Firmicutes	Clostridia	Lachnospirales	Lachnospiraceae	Lachnospira	NA
ASV_47	Bacteria	Firmicutes	Clostridia	Lachnospirales	Lachnospiraceae	NA	NA
ASV_48	Bacteria	Bacteroidota	Bacteroidia	Bacteroidales	Prevotellaceae	NA	NA
ASV_49	Bacteria	Bacteroidota	Bacteroidia	Bacteroidales	Marinifilaceae	Odoribacter	NA
ASV_50	Bacteria	Firmicutes	NA	NA	NA	NA	NA
ASV_51	Bacteria	Firmicutes	Clostridia	Lachnospirales	Lachnospiraceae	NA	NA
ASV_52	Bacteria	Firmicutes	Negativicutes	Veillonellales-Selenomonadales	Veillonellaceae	Dialister	NA
ASV_53	Bacteria	Firmicutes	Clostridia	Lachnospirales	Lachnospiraceae	Lachnospiraceae NC2004 group	NA
ASV_54	Bacteria	Firmicutes	Bacilli	Lactobacillales	Lactobacillaceae	Lactobacillus	NA
ASV_55	Bacteria	Firmicutes	Negativicutes	Acidaminococcales	Acidaminococcaceae	Acidaminococcus	NA
ASV_56	Bacteria	Firmicutes	Bacilli	Erysipelotrichales	Erysipelatoclostridiaceae	Catenibacterium	NA
ASV_57	Bacteria	Actinobacteriota	Actinobacteria	Bifidobacteriales	Bifidobacteriaceae	Bifidobacterium	NA
ASV_58	Bacteria	Actinobacteriota	Actinobacteria	Bifidobacteriales	Bifidobacteriaceae	Bifidobacterium	NA
ASV_59	Bacteria	Firmicutes	Clostridia	Lachnospirales	Lachnospiraceae	[Eubacterium] ruminantium group	NA
ASV_60	Bacteria	Bacteroidota	Bacteroidia	Bacteroidales	Prevotellaceae	Prevotella	NA
ASV_61	Bacteria	Bacteroidota	Bacteroidia	Bacteroidales	Bacteroidaceae	Bacteroides	NA
ASV_62	Bacteria	Firmicutes	Clostridia	Lachnospirales	Lachnospiraceae	Lachnospiraceae ND3007 group	NA
ASV_63	Bacteria	Firmicutes	Clostridia	Lachnospirales	Lachnospiraceae	NA	NA
ASV_64	Bacteria	Bacteroidota	Bacteroidia	Bacteroidales	Bacteroidaceae	Bacteroides	NA
ASV_65	Bacteria	Bacteroidota	Bacteroidia	Bacteroidales	Prevotellaceae	Prevotella	NA
ASV_66	Bacteria	Bacteroidota	Bacteroidia	Bacteroidales	Bacteroidaceae	Bacteroides	NA
ASV_67	Bacteria	Bacteroidota	Bacteroidia	Bacteroidales	Bacteroidaceae	Bacteroides	NA
ASV_68	Bacteria	Firmicutes	Bacilli	Erysipelotrichales	Erysipelotrichaceae	Holdemanella	NA
ASV_69	Bacteria	Firmicutes	Clostridia	Oscillospirales	Oscillospiraceae	NA	NA
ASV_70	Bacteria	Firmicutes	Clostridia	Lachnospirales	Lachnospiraceae	NA	NA
ASV_71	Bacteria	Firmicutes	Clostridia	Oscillospirales	Oscillospiraceae	NA	NA
ASV_72	Bacteria	Firmicutes	Clostridia	Lachnospirales	Lachnospiraceae	NA	NA
ASV_73	Bacteria	Desulfobacterota	Desulfovibrionia	Desulfovibrionales	Desulfovibrionaceae	Bilophila	NA
ASV_74	NA	NA	NA	NA	NA	NA	NA
ASV_75	Bacteria	Firmicutes	Clostridia	Clostridia UCG-014	NA	NA	NA
ASV_76	Bacteria	Bacteroidota	Bacteroidia	Bacteroidales	Prevotellaceae	Prevotella	NA
ASV_77	Bacteria	Firmicutes	Clostridia	NA	NA	NA	NA
ASV_78	Bacteria	Firmicutes	Clostridia	Lachnospirales	Lachnospiraceae	NA	NA
ASV_79	Bacteria	Bacteroidota	Bacteroidia	Bacteroidales	Rikenellaceae	Alistipes	NA
ASV_80	Bacteria	Desulfobacterota	Desulfovibrionia	Desulfovibrionales	Desulfovibrionaceae	Desulfovibrio	NA
ASV_81	Bacteria	Proteobacteria	Gammaproteobacteria	Enterobacterales	Enterobacteriaceae	NA	NA
ASV_82	Bacteria	Firmicutes	Clostridia	Lachnospirales	Lachnospiraceae	NA	NA
ASV_83	Bacteria	Bacteroidota	Bacteroidia	Bacteroidales	Bacteroidaceae	Bacteroides	NA
ASV_84	Bacteria	Proteobacteria	Gammaproteobacteria	Pasteurellales	Pasteurellaceae	NA	NA
ASV_85	Bacteria	Firmicutes	Clostridia	Lachnospirales	Lachnospiraceae	NA	NA
ASV_86	Bacteria	Firmicutes	Bacilli	Lactobacillales	Leuconostocaceae	Weissella	NA
ASV_87	Bacteria	Firmicutes	Clostridia	Lachnospirales	Lachnospiraceae	NA	NA
ASV_88	Bacteria	Bacteroidota	Bacteroidia	Bacteroidales	Prevotellaceae	Prevotellaceae NK3B31 group	NA
ASV_89	Bacteria	Firmicutes	Clostridia	Oscillospirales	Ruminococcaceae	Ruminococcus	NA
ASV_90	Bacteria	Bacteroidota	Bacteroidia	Bacteroidales	Bacteroidaceae	Bacteroides	NA
ASV_91	Bacteria	Firmicutes	Clostridia	Lachnospirales	Lachnospiraceae	NA	NA
ASV_92	Bacteria	Firmicutes	Negativicutes	Veillonellales-Selenomonadales	Veillonellaceae	Megasphaera	NA
ASV_93	Bacteria	Firmicutes	Clostridia	Lachnospirales	Lachnospiraceae	NA	NA
ASV_94	Bacteria	Firmicutes	Clostridia	Lachnospirales	Lachnospiraceae	NA	NA
ASV_95	Archaea	Euryarchaeota	Methanobacteria	Methanobacteriales	Methanobacteriaceae	NA	NA
ASV_96	Bacteria	Bacteroidota	Bacteroidia	Bacteroidales	Rikenellaceae	Rikenellaceae RC9 gut group	NA
ASV_97	Bacteria	Bacteroidota	Bacteroidia	Bacteroidales	Bacteroidaceae	Bacteroides	NA
ASV_98	Bacteria	Bacteroidota	Bacteroidia	Bacteroidales	Bacteroidaceae	Bacteroides	NA
ASV_99	NA	NA	NA	NA	NA	NA	NA
ASV_100	Bacteria	Firmicutes	Negativicutes	Acidaminococcales	Acidaminococcaceae	Acidaminococcus	NA
ASV_101	Bacteria	Firmicutes	Clostridia	Lachnospirales	Lachnospiraceae	NA	NA
ASV_102	Bacteria	Firmicutes	Clostridia	Lachnospirales	Lachnospiraceae	NA	NA
ASV_103	Bacteria	Bacteroidota	Bacteroidia	Bacteroidales	Barnesiellaceae	Barnesiella	NA
ASV_104	Bacteria	Firmicutes	Clostridia	NA	NA	NA	NA
ASV_105	Bacteria	Firmicutes	Clostridia	Oscillospirales	Ruminococcaceae	Faecalibacterium	NA
ASV_106	Bacteria	Firmicutes	Clostridia	Lachnospirales	Lachnospiraceae	Butyrivibrio	NA
ASV_107	Bacteria	Firmicutes	Clostridia	Oscillospirales	Oscillospiraceae	Flavonifractor	NA
ASV_108	Bacteria	Bacteroidota	Bacteroidia	Bacteroidales	Prevotellaceae	Paraprevotella	NA
ASV_109	Bacteria	Firmicutes	Clostridia	Lachnospirales	Lachnospiraceae	NA	NA
ASV_110	Bacteria	Firmicutes	Clostridia	Lachnospirales	Lachnospiraceae	NA	NA
ASV_111	Bacteria	Firmicutes	Clostridia	Peptostreptococcales-Tissierellales	Peptostreptococcaceae	NA	NA
ASV_112	Bacteria	Bacteroidota	Bacteroidia	Bacteroidales	Prevotellaceae	NA	NA
ASV_113	Bacteria	Bacteroidota	Bacteroidia	Bacteroidales	Rikenellaceae	Alistipes	NA
ASV_114	Bacteria	Firmicutes	Clostridia	Lachnospirales	Lachnospiraceae	NA	NA
ASV_115	Bacteria	Bacteroidota	Bacteroidia	Bacteroidales	Rikenellaceae	Alistipes	NA
ASV_116	Bacteria	Firmicutes	NA	NA	NA	NA	NA
ASV_117	Bacteria	Firmicutes	Clostridia	Oscillospirales	Ruminococcaceae	[Eubacterium] siraeum group	NA
ASV_118	Bacteria	Bacteroidota	Bacteroidia	Bacteroidales	Bacteroidaceae	Bacteroides	NA
ASV_119	Bacteria	Bacteroidota	Bacteroidia	Bacteroidales	Barnesiellaceae	Coprobacter	NA
ASV_120	NA	NA	NA	NA	NA	NA	NA
ASV_121	Bacteria	NA	NA	NA	NA	NA	NA
ASV_122	Bacteria	Firmicutes	Clostridia	Lachnospirales	Lachnospiraceae	Lachnoclostridium	NA
ASV_123	Bacteria	Proteobacteria	Gammaproteobacteria	Burkholderiales	Sutterellaceae	Parasutterella	NA
ASV_124	Bacteria	Bacteroidota	Bacteroidia	Bacteroidales	Prevotellaceae	Prevotella	NA
ASV_125	Bacteria	Bacteroidota	Bacteroidia	Bacteroidales	Rikenellaceae	Alistipes	NA
ASV_126	Bacteria	Firmicutes	Bacilli	Erysipelotrichales	Erysipelatoclostridiaceae	Erysipelatoclostridium	NA
ASV_127	Bacteria	NA	NA	NA	NA	NA	NA
ASV_128	Bacteria	Firmicutes	Bacilli	Erysipelotrichales	Erysipelotrichaceae	Faecalitalea	NA
ASV_129	Bacteria	Firmicutes	Clostridia	NA	NA	NA	NA
ASV_130	Bacteria	Firmicutes	Clostridia	Monoglobales	Monoglobaceae	Monoglobus	NA
ASV_131	Bacteria	Firmicutes	Clostridia	Christensenellales	Christensenellaceae	Christensenellaceae R-7 group	NA
ASV_132	Bacteria	Firmicutes	Clostridia	Oscillospirales	Ruminococcaceae	Ruminococcus	NA
ASV_133	Bacteria	Bacteroidota	Bacteroidia	Bacteroidales	Marinifilaceae	Butyricimonas	NA
ASV_134	Bacteria	Firmicutes	Clostridia	Oscillospirales	Oscillospiraceae	UCG-005	NA
ASV_135	Bacteria	Firmicutes	Clostridia	Lachnospirales	Lachnospiraceae	NA	NA
ASV_136	Bacteria	Firmicutes	Bacilli	Lactobacillales	Lactobacillaceae	Lactobacillus	NA
ASV_137	Bacteria	Firmicutes	Clostridia	Lachnospirales	Lachnospiraceae	NA	NA
ASV_138	Bacteria	Firmicutes	Clostridia	Lachnospirales	Lachnospiraceae	NA	NA
ASV_139	Bacteria	Firmicutes	Clostridia	Lachnospirales	Lachnospiraceae	NA	NA
ASV_140	Bacteria	Firmicutes	Clostridia	Oscillospirales	Oscillospiraceae	Oscillibacter	NA
ASV_141	Bacteria	Firmicutes	Bacilli	Lactobacillales	Streptococcaceae	Streptococcus	NA
ASV_142	Bacteria	Bacteroidota	Bacteroidia	Bacteroidales	Prevotellaceae	Prevotella	NA
ASV_143	Bacteria	Firmicutes	Negativicutes	Veillonellales-Selenomonadales	Veillonellaceae	Dialister	NA
ASV_144	NA	NA	NA	NA	NA	NA	NA
ASV_145	Bacteria	Firmicutes	Clostridia	Lachnospirales	Lachnospiraceae	NA	NA
ASV_146	Bacteria	Firmicutes	Clostridia	Lachnospirales	Lachnospiraceae	NA	NA
ASV_147	Bacteria	Firmicutes	Clostridia	Clostridia UCG-014	NA	NA	NA
ASV_148	Bacteria	Firmicutes	Clostridia	Lachnospirales	Lachnospiraceae	NA	NA
ASV_149	Bacteria	Firmicutes	Clostridia	Lachnospirales	Lachnospiraceae	NA	NA
ASV_150	Bacteria	Bacteroidota	Bacteroidia	Bacteroidales	Prevotellaceae	NA	NA
ASV_151	Bacteria	Firmicutes	Clostridia	Lachnospirales	Lachnospiraceae	NA	NA
ASV_152	Bacteria	Firmicutes	Clostridia	Lachnospirales	Lachnospiraceae	[Eubacterium] eligens group	NA
ASV_153	Bacteria	Bacteroidota	Bacteroidia	Bacteroidales	Rikenellaceae	Alistipes	NA
ASV_154	Bacteria	Firmicutes	Clostridia	Lachnospirales	Lachnospiraceae	NA	NA
ASV_155	Bacteria	Bacteroidota	Bacteroidia	Bacteroidales	Barnesiellaceae	Barnesiella	NA
ASV_156	Bacteria	Bacteroidota	Bacteroidia	Bacteroidales	Prevotellaceae	Paraprevotella	NA
ASV_157	Bacteria	Bacteroidota	Bacteroidia	Bacteroidales	NA	NA	NA
ASV_158	Bacteria	Firmicutes	Clostridia	Oscillospirales	Ruminococcaceae	UBA1819	NA
ASV_159	Bacteria	Firmicutes	Clostridia	Lachnospirales	Lachnospiraceae	NA	NA
ASV_160	Bacteria	Bacteroidota	Bacteroidia	Bacteroidales	Rikenellaceae	Alistipes	NA
ASV_161	Bacteria	Bacteroidota	Bacteroidia	Bacteroidales	Bacteroidaceae	Bacteroides	NA
ASV_162	Bacteria	Fusobacteriota	Fusobacteriia	Fusobacteriales	Fusobacteriaceae	Fusobacterium	NA
ASV_163	Bacteria	Firmicutes	Clostridia	Clostridia UCG-014	NA	NA	NA
ASV_164	Bacteria	Firmicutes	Clostridia	Lachnospirales	Lachnospiraceae	Frisingicoccus	NA
ASV_165	Bacteria	Firmicutes	Clostridia	NA	NA	NA	NA
ASV_166	Bacteria	Firmicutes	Clostridia	Oscillospirales	Ruminococcaceae	NA	NA
ASV_167	Bacteria	Firmicutes	Negativicutes	Veillonellales-Selenomonadales	Veillonellaceae	Megasphaera	NA
ASV_168	Bacteria	Firmicutes	Clostridia	Peptostreptococcales-Tissierellales	Anaerovoracaceae	Mogibacterium	NA
ASV_169	Bacteria	Bacteroidota	Bacteroidia	Bacteroidales	Barnesiellaceae	Barnesiella	NA
ASV_170	Bacteria	Firmicutes	Clostridia	Oscillospirales	Oscillospiraceae	NK4A214 group	NA
ASV_171	Bacteria	Firmicutes	Clostridia	Lachnospirales	Lachnospiraceae	[Eubacterium] eligens group	NA
ASV_172	Bacteria	Firmicutes	Bacilli	RF39	NA	NA	NA
ASV_173	Bacteria	Bacteroidota	Bacteroidia	Bacteroidales	Barnesiellaceae	Coprobacter	NA
ASV_174	Bacteria	Bacteroidota	Bacteroidia	Bacteroidales	Prevotellaceae	Alloprevotella	NA
ASV_175	Bacteria	Firmicutes	Clostridia	Clostridiales	Clostridiaceae	Clostridium sensu stricto 1	NA
ASV_176	Bacteria	Firmicutes	Negativicutes	Acidaminococcales	Acidaminococcaceae	Acidaminococcus	NA
ASV_177	Bacteria	Firmicutes	Clostridia	Lachnospirales	Lachnospiraceae	Lachnoclostridium	NA
ASV_178	Bacteria	Bacteroidota	Bacteroidia	Bacteroidales	Prevotellaceae	Prevotella	NA
ASV_179	Bacteria	Firmicutes	Clostridia	Oscillospirales	Oscillospiraceae	UCG-002	NA
ASV_180	Bacteria	Firmicutes	Clostridia	Lachnospirales	Lachnospiraceae	NA	NA
ASV_181	Bacteria	Firmicutes	Clostridia	Lachnospirales	Lachnospiraceae	[Ruminococcus] torques group	NA
ASV_182	Bacteria	Firmicutes	Clostridia	Oscillospirales	Ruminococcaceae	Ruminococcus	NA
ASV_183	Bacteria	Firmicutes	Clostridia	Lachnospirales	Lachnospiraceae	[Eubacterium] xylanophilum group	NA
ASV_184	Bacteria	Firmicutes	Clostridia	Lachnospirales	Lachnospiraceae	Moryella	NA
ASV_185	Bacteria	Firmicutes	Clostridia	Lachnospirales	Lachnospiraceae	NA	NA
ASV_186	Bacteria	Firmicutes	Clostridia	Oscillospirales	Oscillospiraceae	UCG-002	NA
ASV_187	Bacteria	Firmicutes	Clostridia	Lachnospirales	Lachnospiraceae	[Ruminococcus] torques group	NA
ASV_188	Bacteria	Cyanobacteria	Vampirivibrionia	Gastranaerophilales	NA	NA	NA
ASV_189	Bacteria	Firmicutes	Clostridia	Oscillospirales	Oscillospiraceae	UCG-002	NA
ASV_190	Bacteria	Firmicutes	Clostridia	Oscillospirales	NA	NA	NA
ASV_191	Bacteria	Firmicutes	Clostridia	Lachnospirales	Lachnospiraceae	NA	NA
ASV_192	Bacteria	Firmicutes	Clostridia	Lachnospirales	Lachnospiraceae	Lachnospiraceae NK4A136 group	NA
ASV_193	Bacteria	Firmicutes	Clostridia	Clostridiales	Clostridiaceae	Clostridium sensu stricto 1	NA
ASV_194	Bacteria	Firmicutes	Clostridia	Lachnospirales	Lachnospiraceae	Lachnoclostridium	NA
ASV_195	Bacteria	Firmicutes	Clostridia	Lachnospirales	Lachnospiraceae	NA	NA
ASV_196	Bacteria	Firmicutes	Bacilli	RF39	NA	NA	NA
ASV_197	Bacteria	Firmicutes	Clostridia	Clostridia UCG-014	NA	NA	NA
ASV_198	Bacteria	Bacteroidota	Bacteroidia	Bacteroidales	Marinifilaceae	Butyricimonas	NA
ASV_199	Bacteria	Firmicutes	Clostridia	Lachnospirales	Lachnospiraceae	Frisingicoccus	NA
ASV_200	Bacteria	Bacteroidota	Bacteroidia	Bacteroidales	Prevotellaceae	Paraprevotella	NA
ASV_201	Bacteria	Firmicutes	Clostridia	Lachnospirales	Lachnospiraceae	NA	NA
ASV_202	Bacteria	Firmicutes	Clostridia	Lachnospirales	Lachnospiraceae	Lachnospiraceae UCG-001	NA
ASV_203	Bacteria	Firmicutes	Clostridia	Lachnospirales	Lachnospiraceae	NA	NA
ASV_204	Bacteria	Bacteroidota	Bacteroidia	Bacteroidales	Prevotellaceae	Alloprevotella	NA
ASV_205	Bacteria	Synergistota	Synergistia	Synergistales	Synergistaceae	Pyramidobacter	NA
ASV_206	Bacteria	Firmicutes	Clostridia	Lachnospirales	Lachnospiraceae	NA	NA
ASV_207	Bacteria	Firmicutes	Clostridia	Clostridiales	Clostridiaceae	NA	NA
ASV_208	Bacteria	Firmicutes	Clostridia	NA	NA	NA	NA
ASV_209	Bacteria	Bacteroidota	Bacteroidia	Bacteroidales	Bacteroidaceae	Bacteroides	NA
ASV_210	Bacteria	Firmicutes	Negativicutes	Veillonellales-Selenomonadales	Veillonellaceae	Veillonella	NA
ASV_211	Bacteria	Firmicutes	Clostridia	Oscillospirales	Ruminococcaceae	Ruminococcus	NA
ASV_212	Bacteria	Bacteroidota	Bacteroidia	NA	NA	NA	NA
ASV_213	Bacteria	Firmicutes	Clostridia	Lachnospirales	Lachnospiraceae	NA	NA
ASV_214	Bacteria	Firmicutes	Clostridia	Oscillospirales	Ruminococcaceae	Ruminococcus	NA
ASV_215	Bacteria	Firmicutes	Bacilli	Erysipelotrichales	Erysipelotrichaceae	Turicibacter	NA
ASV_216	Bacteria	Firmicutes	Clostridia	Lachnospirales	Lachnospiraceae	NA	NA
ASV_217	Bacteria	Actinobacteriota	Coriobacteriia	Coriobacteriales	Eggerthellaceae	Enterorhabdus	NA
ASV_218	Bacteria	Firmicutes	Clostridia	NA	NA	NA	NA
ASV_219	Bacteria	Firmicutes	Clostridia	Lachnospirales	Lachnospiraceae	NA	NA
ASV_220	Bacteria	Firmicutes	Clostridia	Lachnospirales	Lachnospiraceae	NA	NA
ASV_221	Bacteria	Firmicutes	Clostridia	Oscillospirales	Ruminococcaceae	Faecalibacterium	NA
ASV_222	Bacteria	Bacteroidota	Bacteroidia	Bacteroidales	Prevotellaceae	Prevotella	NA
ASV_223	Archaea	Thermoplasmatota	Thermoplasmata	Methanomassiliicoccales	Methanomassiliicoccaceae	Methanomassiliicoccus	NA
ASV_224	Bacteria	Firmicutes	Clostridia	NA	NA	NA	NA
ASV_225	Bacteria	Firmicutes	Negativicutes	Acidaminococcales	Acidaminococcaceae	Acidaminococcus	NA
ASV_226	Bacteria	Firmicutes	Clostridia	NA	NA	NA	NA
ASV_227	Bacteria	Firmicutes	Clostridia	Lachnospirales	Lachnospiraceae	NA	NA
ASV_228	Bacteria	Firmicutes	Clostridia	Peptostreptococcales-Tissierellales	Peptostreptococcaceae	Intestinibacter	NA
ASV_229	Bacteria	Firmicutes	Bacilli	Lactobacillales	Lactobacillaceae	Lactobacillus	NA
ASV_230	Bacteria	Firmicutes	Clostridia	Lachnospirales	Lachnospiraceae	NA	NA
ASV_231	Bacteria	Firmicutes	Clostridia	Lachnospirales	Lachnospiraceae	NA	NA
ASV_232	Bacteria	Firmicutes	Clostridia	Oscillospirales	Ruminococcaceae	Negativibacillus	NA
ASV_233	Bacteria	Desulfobacterota	Desulfovibrionia	Desulfovibrionales	Desulfovibrionaceae	Desulfovibrio	NA
ASV_234	Bacteria	Firmicutes	Clostridia	Lachnospirales	Lachnospiraceae	NA	NA
ASV_235	Bacteria	Firmicutes	Clostridia	Lachnospirales	Lachnospiraceae	NA	NA
ASV_236	Bacteria	Firmicutes	Bacilli	Erysipelotrichales	Erysipelatoclostridiaceae	Erysipelotrichaceae UCG-003	NA
ASV_237	Bacteria	Firmicutes	NA	NA	NA	NA	NA
ASV_238	Bacteria	Synergistota	Synergistia	Synergistales	Synergistaceae	Cloacibacillus	NA
ASV_239	Bacteria	Firmicutes	Clostridia	Lachnospirales	Lachnospiraceae	NA	NA
ASV_240	Bacteria	Firmicutes	Clostridia	Oscillospirales	Oscillospiraceae	UCG-002	NA
ASV_241	Bacteria	Firmicutes	Clostridia	Lachnospirales	Lachnospiraceae	NA	NA
ASV_242	Bacteria	Bacteroidota	Bacteroidia	Bacteroidales	Marinifilaceae	Butyricimonas	NA
ASV_243	Bacteria	Firmicutes	Clostridia	Oscillospirales	UCG-011	NA	NA
ASV_244	Bacteria	Firmicutes	Clostridia	Clostridia UCG-014	NA	NA	NA
ASV_245	Bacteria	Firmicutes	Clostridia	Oscillospirales	Oscillospiraceae	NK4A214 group	NA
ASV_246	Bacteria	Desulfobacterota	Desulfovibrionia	Desulfovibrionales	Desulfovibrionaceae	Desulfovibrio	NA
ASV_247	Bacteria	Firmicutes	Clostridia	Oscillospirales	Oscillospiraceae	NA	NA
ASV_248	Bacteria	Firmicutes	Clostridia	Lachnospirales	Lachnospiraceae	NA	NA
ASV_249	Bacteria	Firmicutes	Clostridia	Lachnospirales	Lachnospiraceae	[Ruminococcus] torques group	NA
ASV_250	Bacteria	Firmicutes	Clostridia	Oscillospirales	Oscillospiraceae	Colidextribacter	NA
ASV_251	Bacteria	Firmicutes	Clostridia	Lachnospirales	Lachnospiraceae	Lachnospiraceae FCS020 group	NA
ASV_252	Bacteria	Firmicutes	Clostridia	NA	NA	NA	NA
ASV_253	Bacteria	Firmicutes	Clostridia	Lachnospirales	Lachnospiraceae	NA	NA
ASV_254	Bacteria	Firmicutes	Negativicutes	Veillonellales-Selenomonadales	Veillonellaceae	Dialister	NA
ASV_255	Bacteria	Bacteroidota	Bacteroidia	Bacteroidales	Prevotellaceae	Prevotella	NA
ASV_256	Bacteria	Bacteroidota	Bacteroidia	Bacteroidales	Prevotellaceae	Prevotella	NA
ASV_257	Bacteria	Bacteroidota	Bacteroidia	Bacteroidales	Rikenellaceae	Alistipes	NA
ASV_258	Bacteria	Firmicutes	Clostridia	Lachnospirales	Lachnospiraceae	Blautia	NA
ASV_259	Bacteria	Firmicutes	Clostridia	Oscillospirales	NA	NA	NA
ASV_260	Bacteria	Firmicutes	Clostridia	Oscillospirales	Ruminococcaceae	NA	NA
ASV_261	Bacteria	Firmicutes	Clostridia	Oscillospirales	Ruminococcaceae	Ruminococcus	NA
ASV_262	Bacteria	Firmicutes	Negativicutes	Veillonellales-Selenomonadales	Veillonellaceae	Dialister	NA
ASV_263	NA	NA	NA	NA	NA	NA	NA
ASV_264	Bacteria	Bacteroidota	Bacteroidia	Bacteroidales	Prevotellaceae	NA	NA
ASV_265	Bacteria	Firmicutes	Clostridia	Oscillospirales	Oscillospiraceae	NA	NA
ASV_266	Bacteria	Actinobacteriota	Coriobacteriia	Coriobacteriales	Eggerthellaceae	Slackia	NA
ASV_267	Bacteria	Firmicutes	Clostridia	Lachnospirales	Lachnospiraceae	Lachnospiraceae UCG-010	NA
ASV_268	Bacteria	Firmicutes	Clostridia	Oscillospirales	Oscillospiraceae	Oscillospira	NA
ASV_269	Bacteria	Bacteroidota	Bacteroidia	NA	NA	NA	NA
ASV_270	Bacteria	Firmicutes	Clostridia	Clostridia UCG-014	NA	NA	NA
ASV_271	Bacteria	Firmicutes	Bacilli	Erysipelotrichales	Erysipelatoclostridiaceae	Candidatus Stoquefichus	NA
ASV_272	Bacteria	Firmicutes	Clostridia	Christensenellales	Christensenellaceae	Christensenellaceae R-7 group	NA
ASV_273	Bacteria	Firmicutes	Bacilli	RF39	NA	NA	NA
ASV_274	Bacteria	Firmicutes	Clostridia	Lachnospirales	Lachnospiraceae	NA	NA
ASV_275	Bacteria	Firmicutes	Clostridia	Oscillospirales	Oscillospiraceae	NK4A214 group	NA
ASV_276	Bacteria	Firmicutes	Clostridia	Lachnospirales	Lachnospiraceae	NA	NA
ASV_277	Bacteria	Firmicutes	Clostridia	Lachnospirales	Lachnospiraceae	NA	NA
ASV_278	Bacteria	Bacteroidota	Bacteroidia	Bacteroidales	Barnesiellaceae	Barnesiella	NA
ASV_279	Bacteria	Firmicutes	Clostridia	Lachnospirales	Lachnospiraceae	NA	NA
ASV_280	Bacteria	Firmicutes	Clostridia	Oscillospirales	Oscillospiraceae	NK4A214 group	NA
ASV_281	Bacteria	Firmicutes	Clostridia	Lachnospirales	Lachnospiraceae	NA	NA
ASV_282	Bacteria	Actinobacteriota	Coriobacteriia	Coriobacteriales	Eggerthellaceae	Slackia	NA
ASV_283	Bacteria	Verrucomicrobiota	Lentisphaeria	Victivallales	Victivallaceae	Victivallis	NA
ASV_284	Bacteria	Firmicutes	NA	NA	NA	NA	NA
ASV_285	Bacteria	Firmicutes	Clostridia	Lachnospirales	Lachnospiraceae	Lachnospira	NA
ASV_286	Bacteria	Bacteroidota	Bacteroidia	Bacteroidales	Prevotellaceae	Prevotella	NA
ASV_287	Bacteria	Bacteroidota	Bacteroidia	Bacteroidales	Rikenellaceae	Alistipes	NA
ASV_288	Bacteria	Firmicutes	Bacilli	Erysipelotrichales	Erysipelatoclostridiaceae	Erysipelatoclostridium	NA
ASV_289	Bacteria	Firmicutes	Clostridia	Oscillospirales	Ruminococcaceae	CAG-352	NA
ASV_290	Bacteria	Firmicutes	Clostridia	Oscillospirales	Ruminococcaceae	NA	NA
ASV_291	Bacteria	Firmicutes	Bacilli	Erysipelotrichales	Erysipelotrichaceae	Faecalitalea	NA
ASV_292	Bacteria	Firmicutes	Clostridia	Oscillospirales	Oscillospiraceae	UCG-002	NA
ASV_293	Bacteria	Firmicutes	Clostridia	Lachnospirales	Lachnospiraceae	Anaerostipes	NA
ASV_294	Bacteria	Bacteroidota	Bacteroidia	Bacteroidales	Bacteroidaceae	Bacteroides	NA
ASV_295	Bacteria	Firmicutes	Clostridia	Oscillospirales	Ruminococcaceae	NA	NA
ASV_296	Bacteria	Firmicutes	Clostridia	Oscillospirales	Oscillospiraceae	Intestinimonas	NA
ASV_297	Bacteria	Bacteroidota	Bacteroidia	Bacteroidales	Bacteroidaceae	Bacteroides	NA
ASV_298	Bacteria	Firmicutes	Bacilli	Erysipelotrichales	Erysipelatoclostridiaceae	Erysipelatoclostridium	NA
ASV_299	Bacteria	Firmicutes	Clostridia	Clostridia UCG-014	NA	NA	NA
ASV_300	Bacteria	Bacteroidota	Bacteroidia	Bacteroidales	Rikenellaceae	Alistipes	NA
ASV_301	Bacteria	Bacteroidota	Bacteroidia	Bacteroidales	NA	NA	NA
ASV_302	Bacteria	Firmicutes	Clostridia	Clostridiales	Clostridiaceae	Clostridium sensu stricto 1	NA
ASV_303	Bacteria	Firmicutes	Clostridia	Lachnospirales	Lachnospiraceae	NA	NA
ASV_304	Bacteria	Firmicutes	Clostridia	Lachnospirales	Lachnospiraceae	NA	NA
ASV_305	Bacteria	Firmicutes	Clostridia	Lachnospirales	Lachnospiraceae	Hungatella	NA
ASV_306	Bacteria	Firmicutes	Clostridia	Lachnospirales	Lachnospiraceae	Lachnospiraceae UCG-001	NA
ASV_307	Bacteria	Firmicutes	Clostridia	Lachnospirales	Lachnospiraceae	Howardella	NA
ASV_308	Bacteria	Firmicutes	Clostridia	Oscillospirales	Ruminococcaceae	Negativibacillus	NA
ASV_309	Bacteria	Actinobacteriota	Coriobacteriia	Coriobacteriales	Eggerthellaceae	Senegalimassilia	NA
ASV_310	Bacteria	Firmicutes	Clostridia	Lachnospirales	Lachnospiraceae	NA	NA
ASV_311	Bacteria	Firmicutes	Clostridia	Lachnospirales	Lachnospiraceae	[Eubacterium] oxidoreducens group	NA
ASV_312	Bacteria	Firmicutes	NA	NA	NA	NA	NA
ASV_313	Bacteria	Firmicutes	Negativicutes	Veillonellales-Selenomonadales	Veillonellaceae	Allisonella	NA
ASV_314	Bacteria	Firmicutes	Clostridia	Lachnospirales	Lachnospiraceae	NA	NA
ASV_315	Bacteria	Bacteroidota	Bacteroidia	Bacteroidales	Marinifilaceae	Butyricimonas	NA
ASV_316	Bacteria	Firmicutes	Clostridia	Lachnospirales	Lachnospiraceae	Lachnoclostridium	NA
ASV_317	Bacteria	Firmicutes	Clostridia	Oscillospirales	NA	NA	NA
ASV_318	Bacteria	Firmicutes	Clostridia	NA	NA	NA	NA
ASV_319	Bacteria	Proteobacteria	Gammaproteobacteria	Enterobacterales	Morganellaceae	NA	NA
ASV_320	Bacteria	Firmicutes	Clostridia	Lachnospirales	Lachnospiraceae	Lachnospiraceae UCG-004	NA
ASV_321	Bacteria	Firmicutes	Clostridia	Oscillospirales	Oscillospiraceae	UCG-002	NA
ASV_322	Bacteria	Firmicutes	Clostridia	Lachnospirales	Lachnospiraceae	NA	NA
ASV_323	Bacteria	Firmicutes	Clostridia	Lachnospirales	Lachnospiraceae	Lachnoclostridium	NA
ASV_324	Bacteria	Firmicutes	Clostridia	Lachnospirales	Lachnospiraceae	Lachnospiraceae NK4A136 group	NA
ASV_325	Bacteria	Firmicutes	NA	NA	NA	NA	NA
ASV_326	Bacteria	Firmicutes	Clostridia	Lachnospirales	Lachnospiraceae	NA	NA
ASV_327	Bacteria	Firmicutes	Clostridia	Clostridia vadinBB60 group	NA	NA	NA
ASV_328	Bacteria	Actinobacteriota	Actinobacteria	Actinomycetales	Actinomycetaceae	Actinomyces	NA
ASV_329	Bacteria	Firmicutes	Bacilli	Lactobacillales	Streptococcaceae	Lactococcus	NA
ASV_330	Bacteria	Firmicutes	Clostridia	Lachnospirales	Lachnospiraceae	Coprococcus	NA
ASV_331	Bacteria	Bacteroidota	Bacteroidia	Bacteroidales	Marinifilaceae	Odoribacter	NA
ASV_332	Bacteria	Firmicutes	Clostridia	Lachnospirales	Lachnospiraceae	Lachnospiraceae FCS020 group	NA
ASV_333	Bacteria	Firmicutes	Bacilli	Erysipelotrichales	Erysipelotrichaceae	NA	NA
ASV_334	Bacteria	Firmicutes	Clostridia	Christensenellales	Christensenellaceae	Christensenellaceae R-7 group	NA
ASV_335	Bacteria	Firmicutes	Bacilli	Erysipelotrichales	Erysipelotrichaceae	Holdemania	NA
ASV_336	Bacteria	Firmicutes	Clostridia	NA	NA	NA	NA
ASV_337	Bacteria	Firmicutes	Clostridia	Oscillospirales	Oscillospiraceae	Colidextribacter	NA
ASV_338	Bacteria	Firmicutes	Clostridia	Lachnospirales	Lachnospiraceae	NA	NA
ASV_339	Bacteria	Firmicutes	Clostridia	Clostridia UCG-014	NA	NA	NA
ASV_340	Bacteria	Bacteroidota	Bacteroidia	Bacteroidales	Bacteroidaceae	Bacteroides	NA
ASV_341	Bacteria	Firmicutes	Clostridia	Oscillospirales	Oscillospiraceae	Oscillibacter	NA
ASV_342	Bacteria	Actinobacteriota	Coriobacteriia	Coriobacteriales	Eggerthellaceae	NA	NA
ASV_343	Bacteria	Firmicutes	Clostridia	Lachnospirales	Lachnospiraceae	NA	NA
ASV_344	Bacteria	Firmicutes	Bacilli	Lactobacillales	Streptococcaceae	Lactococcus	NA
ASV_345	Bacteria	Firmicutes	Clostridia	Lachnospirales	Lachnospiraceae	NA	NA
ASV_346	Bacteria	Firmicutes	Bacilli	Erysipelotrichales	Erysipelatoclostridiaceae	Erysipelatoclostridium	NA
ASV_347	Bacteria	Firmicutes	Clostridia	Lachnospirales	Lachnospiraceae	NA	NA
ASV_348	Bacteria	Firmicutes	Clostridia	Oscillospirales	Oscillospiraceae	NA	NA
ASV_349	Bacteria	Bacteroidota	Bacteroidia	Bacteroidales	Bacteroidaceae	Bacteroides	NA
ASV_350	Bacteria	Firmicutes	Clostridia	Oscillospirales	UCG-011	NA	NA
ASV_351	Bacteria	Firmicutes	Clostridia	Oscillospirales	Oscillospiraceae	Colidextribacter	NA
ASV_352	NA	NA	NA	NA	NA	NA	NA
ASV_353	Bacteria	Firmicutes	Clostridia	Lachnospirales	Lachnospiraceae	Blautia	NA
ASV_354	Bacteria	Actinobacteriota	Coriobacteriia	Coriobacteriales	Eggerthellaceae	Eggerthella	NA
ASV_355	Bacteria	Firmicutes	Negativicutes	Veillonellales-Selenomonadales	Selenomonadaceae	Megamonas	NA
ASV_356	Bacteria	Firmicutes	Clostridia	Clostridia vadinBB60 group	NA	NA	NA
ASV_357	Bacteria	Firmicutes	Clostridia	Lachnospirales	Lachnospiraceae	Moryella	NA
ASV_358	Bacteria	Firmicutes	Clostridia	Lachnospirales	Lachnospiraceae	Lachnospiraceae FCS020 group	NA
ASV_359	Bacteria	Firmicutes	Clostridia	Lachnospirales	Lachnospiraceae	NA	NA
ASV_360	Bacteria	Firmicutes	Clostridia	NA	NA	NA	NA
ASV_361	Bacteria	Firmicutes	Clostridia	Lachnospirales	Lachnospiraceae	NA	NA
ASV_362	Bacteria	Firmicutes	Clostridia	Oscillospirales	UCG-010	NA	NA
ASV_363	Bacteria	Firmicutes	Clostridia	Oscillospirales	Oscillospiraceae	UCG-005	NA
ASV_364	Bacteria	Bacteroidota	Bacteroidia	Bacteroidales	Rikenellaceae	Alistipes	NA
ASV_365	Bacteria	Actinobacteriota	Coriobacteriia	Coriobacteriales	Coriobacteriaceae	Collinsella	NA
ASV_366	Bacteria	Firmicutes	Clostridia	Oscillospirales	Ruminococcaceae	NA	NA
ASV_367	Bacteria	Firmicutes	Clostridia	Oscillospirales	UCG-011	NA	NA
ASV_368	Bacteria	Actinobacteriota	Actinobacteria	Bifidobacteriales	Bifidobacteriaceae	Bifidobacterium	NA
ASV_369	Bacteria	Firmicutes	Clostridia	Oscillospirales	[Eubacterium] coprostanoligenes group	NA	NA
ASV_370	Bacteria	Firmicutes	Clostridia	Lachnospirales	Lachnospiraceae	GCA-900066575	NA
ASV_371	Bacteria	Firmicutes	NA	NA	NA	NA	NA
ASV_372	Bacteria	Bacteroidota	Bacteroidia	Bacteroidales	Prevotellaceae	Prevotellaceae NK3B31 group	NA
ASV_373	Bacteria	NA	NA	NA	NA	NA	NA
ASV_374	Bacteria	Firmicutes	Clostridia	Oscillospirales	Ruminococcaceae	Ruminococcus	NA
ASV_375	Bacteria	Firmicutes	Bacilli	Erysipelotrichales	Erysipelotrichaceae	Faecalitalea	NA
ASV_376	Bacteria	Bacteroidota	Bacteroidia	Bacteroidales	NA	NA	NA
ASV_377	Bacteria	Firmicutes	Negativicutes	Veillonellales-Selenomonadales	Veillonellaceae	Veillonella	NA
ASV_378	Bacteria	Firmicutes	Clostridia	Oscillospirales	Oscillospiraceae	Colidextribacter	NA
ASV_379	Bacteria	Firmicutes	Bacilli	RF39	NA	NA	NA
ASV_380	Bacteria	Firmicutes	Clostridia	Lachnospirales	Lachnospiraceae	Catenibacillus	NA
ASV_381	Bacteria	Bacteroidota	Bacteroidia	Bacteroidales	Marinifilaceae	Odoribacter	NA
ASV_382	Bacteria	Firmicutes	Clostridia	Clostridia UCG-014	NA	NA	NA
ASV_383	Bacteria	Firmicutes	Clostridia	NA	NA	NA	NA
ASV_384	Bacteria	Firmicutes	Clostridia	NA	NA	NA	NA
ASV_385	Bacteria	Firmicutes	Clostridia	Lachnospirales	Lachnospiraceae	[Eubacterium] xylanophilum group	NA
ASV_386	Bacteria	Bacteroidota	Bacteroidia	Bacteroidales	Marinifilaceae	Butyricimonas	NA
ASV_387	Bacteria	Firmicutes	Clostridia	NA	NA	NA	NA
ASV_388	Bacteria	Firmicutes	Clostridia	Oscillospirales	UCG-010	NA	NA
ASV_389	Bacteria	Firmicutes	Clostridia	Clostridia vadinBB60 group	NA	NA	NA
ASV_390	Bacteria	Bacteroidota	Bacteroidia	Bacteroidales	Porphyromonadaceae	Porphyromonas	NA
ASV_391	Bacteria	NA	NA	NA	NA	NA	NA
ASV_392	NA	NA	NA	NA	NA	NA	NA
ASV_393	Bacteria	Firmicutes	Bacilli	RF39	NA	NA	NA
ASV_394	Bacteria	Firmicutes	Clostridia	Lachnospirales	Lachnospiraceae	NA	NA
ASV_395	Bacteria	Firmicutes	Bacilli	Lactobacillales	Streptococcaceae	Streptococcus	NA
ASV_396	Bacteria	Bacteroidota	Bacteroidia	Bacteroidales	Prevotellaceae	Paraprevotella	NA
ASV_397	Bacteria	Firmicutes	Clostridia	Lachnospirales	Lachnospiraceae	Marvinbryantia	NA
ASV_398	Bacteria	Actinobacteriota	Coriobacteriia	Coriobacteriales	Eggerthellaceae	Gordonibacter	NA
ASV_399	NA	NA	NA	NA	NA	NA	NA
ASV_400	Bacteria	Firmicutes	Clostridia	Christensenellales	Christensenellaceae	Christensenellaceae R-7 group	NA
ASV_401	Bacteria	Firmicutes	Clostridia	Oscillospirales	Oscillospiraceae	Oscillibacter	NA
ASV_402	Bacteria	Firmicutes	Clostridia	Peptostreptococcales-Tissierellales	Anaerovoracaceae	Family XIII AD3011 group	NA
ASV_403	Bacteria	Bacteroidota	Bacteroidia	Bacteroidales	Tannerellaceae	Parabacteroides	NA
ASV_404	Bacteria	Firmicutes	Clostridia	NA	NA	NA	NA
ASV_405	Bacteria	NA	NA	NA	NA	NA	NA
ASV_406	Bacteria	Firmicutes	Clostridia	Lachnospirales	Lachnospiraceae	Lachnospiraceae UCG-008	NA
ASV_407	Bacteria	Firmicutes	Clostridia	Peptostreptococcales-Tissierellales	Anaerovoracaceae	Family XIII AD3011 group	NA
ASV_408	Bacteria	NA	NA	NA	NA	NA	NA
ASV_409	Bacteria	Actinobacteriota	Actinobacteria	Actinomycetales	Actinomycetaceae	Actinomyces	NA
ASV_410	Bacteria	Bacteroidota	Bacteroidia	Bacteroidales	Marinifilaceae	Sanguibacteroides	NA
ASV_411	Bacteria	Firmicutes	Clostridia	Lachnospirales	Lachnospiraceae	NA	NA
ASV_412	Bacteria	Firmicutes	Clostridia	NA	NA	NA	NA
ASV_413	Bacteria	Firmicutes	Clostridia	Lachnospirales	Lachnospiraceae	Lachnospiraceae UCG-001	NA
ASV_414	Bacteria	Firmicutes	Clostridia	Lachnospirales	Lachnospiraceae	NA	NA
ASV_415	Bacteria	Firmicutes	Clostridia	NA	NA	NA	NA
ASV_416	Bacteria	Firmicutes	Clostridia	Oscillospirales	Oscillospiraceae	Intestinimonas	NA
ASV_417	Bacteria	Firmicutes	Clostridia	NA	NA	NA	NA
ASV_418	Bacteria	Firmicutes	Clostridia	Oscillospirales	Oscillospiraceae	Oscillospira	NA
ASV_419	Bacteria	Bacteroidota	Bacteroidia	Bacteroidales	Prevotellaceae	Paraprevotella	NA
ASV_420	Bacteria	NA	NA	NA	NA	NA	NA
ASV_421	Bacteria	Bacteroidota	Bacteroidia	Bacteroidales	NA	NA	NA
ASV_422	Bacteria	Bacteroidota	Bacteroidia	Bacteroidales	NA	NA	NA
ASV_423	Bacteria	Firmicutes	Clostridia	Clostridia UCG-014	NA	NA	NA
ASV_424	Bacteria	Verrucomicrobiota	Verrucomicrobiae	Verrucomicrobiales	Akkermansiaceae	Akkermansia	NA
ASV_425	Bacteria	NA	NA	NA	NA	NA	NA
ASV_426	Bacteria	NA	NA	NA	NA	NA	NA
ASV_427	Bacteria	Synergistota	Synergistia	Synergistales	Synergistaceae	Cloacibacillus	NA
ASV_428	Bacteria	Firmicutes	Bacilli	Erysipelotrichales	Erysipelatoclostridiaceae	UCG-004	NA
ASV_429	Bacteria	Firmicutes	Clostridia	Clostridia UCG-014	NA	NA	NA
ASV_430	Bacteria	Firmicutes	Clostridia	Lachnospirales	Lachnospiraceae	NA	NA
ASV_431	Bacteria	Firmicutes	Clostridia	Clostridia UCG-014	NA	NA	NA
ASV_432	Bacteria	Firmicutes	Clostridia	Oscillospirales	Ruminococcaceae	Anaerotruncus	NA
ASV_433	Bacteria	Firmicutes	Incertae Sedis_2	DTU014	NA	NA	NA
ASV_434	Bacteria	Verrucomicrobiota	Lentisphaeria	Victivallales	vadinBE97	NA	NA
ASV_435	Bacteria	Firmicutes	Clostridia	Oscillospirales	Oscillospiraceae	UCG-003	NA
ASV_436	Bacteria	Bacteroidota	Bacteroidia	Bacteroidales	Tannerellaceae	Parabacteroides	NA
ASV_437	Bacteria	Firmicutes	Clostridia	Oscillospirales	UCG-010	NA	NA
ASV_438	Bacteria	Verrucomicrobiota	Lentisphaeria	Victivallales	vadinBE97	NA	NA
ASV_439	NA	NA	NA	NA	NA	NA	NA
ASV_440	Bacteria	NA	NA	NA	NA	NA	NA
ASV_441	Bacteria	NA	NA	NA	NA	NA	NA
ASV_442	Bacteria	Firmicutes	Clostridia	Lachnospirales	Lachnospiraceae	NA	NA
ASV_443	Bacteria	Bacteroidota	Bacteroidia	Bacteroidales	Bacteroidaceae	Bacteroides	NA
ASV_444	Bacteria	Firmicutes	Clostridia	Lachnospirales	Lachnospiraceae	Anaerostignum	NA
ASV_445	Bacteria	Firmicutes	Clostridia	Clostridia UCG-014	NA	NA	NA
ASV_446	Bacteria	Bacteroidota	Bacteroidia	Bacteroidales	Prevotellaceae	Prevotella	NA
ASV_447	Bacteria	Firmicutes	Clostridia	NA	NA	NA	NA
ASV_448	Bacteria	Bacteroidota	Bacteroidia	Bacteroidales	Prevotellaceae	Alloprevotella	NA
ASV_449	Bacteria	Firmicutes	Clostridia	NA	NA	NA	NA
ASV_450	Bacteria	Firmicutes	Clostridia	Peptostreptococcales-Tissierellales	Anaerovoracaceae	Family XIII UCG-001	NA
ASV_451	Bacteria	Firmicutes	Clostridia	Oscillospirales	UCG-010	NA	NA
ASV_452	Bacteria	Firmicutes	Clostridia	Peptostreptococcales-Tissierellales	Anaerovoracaceae	[Eubacterium] brachy group	NA
ASV_453	Bacteria	Firmicutes	Clostridia	NA	NA	NA	NA
ASV_454	Bacteria	Firmicutes	Clostridia	NA	NA	NA	NA
ASV_455	Bacteria	Firmicutes	Clostridia	Oscillospirales	[Eubacterium] coprostanoligenes group	NA	NA
ASV_456	Bacteria	Firmicutes	Clostridia	Oscillospirales	Ruminococcaceae	Ruminococcus	NA
ASV_457	Bacteria	NA	NA	NA	NA	NA	NA
ASV_458	Bacteria	Firmicutes	Clostridia	Oscillospirales	Ruminococcaceae	Anaerofilum	NA
ASV_459	Bacteria	Firmicutes	Clostridia	NA	NA	NA	NA
ASV_460	Bacteria	Firmicutes	Clostridia	NA	NA	NA	NA
ASV_461	Bacteria	Firmicutes	Clostridia	Oscillospirales	Oscillospiraceae	Oscillibacter	NA
ASV_462	Bacteria	Firmicutes	Bacilli	Staphylococcales	Gemellaceae	Gemella	NA
ASV_463	Bacteria	Firmicutes	Clostridia	NA	NA	NA	NA
ASV_464	Bacteria	Firmicutes	Clostridia	Lachnospirales	Lachnospiraceae	NA	NA
ASV_465	Bacteria	Firmicutes	Clostridia	Caldicoprobacterales	Caldicoprobacteraceae	Caldicoprobacter	NA
ASV_466	Bacteria	Firmicutes	Clostridia	Lachnospirales	Defluviitaleaceae	Defluviitaleaceae UCG-011	NA
ASV_467	Bacteria	Firmicutes	Bacilli	NA	NA	NA	NA
ASV_468	Bacteria	Firmicutes	Clostridia	Peptostreptococcales-Tissierellales	NA	Finegoldia	NA
ASV_469	Bacteria	Firmicutes	Clostridia	Lachnospirales	Lachnospiraceae	NA	NA
ASV_470	Bacteria	Firmicutes	Clostridia	Clostridia UCG-014	NA	NA	NA
ASV_471	NA	NA	NA	NA	NA	NA	NA
ASV_472	Bacteria	Firmicutes	Clostridia	Clostridia vadinBB60 group	NA	NA	NA
ASV_473	Bacteria	Firmicutes	Negativicutes	Acidaminococcales	Acidaminococcaceae	NA	NA
ASV_474	Bacteria	Bacteroidota	Bacteroidia	Bacteroidales	Rikenellaceae	Rikenellaceae RC9 gut group	NA
ASV_475	Bacteria	Firmicutes	Clostridia	Oscillospirales	NA	NA	NA
ASV_476	Bacteria	Bacteroidota	Bacteroidia	Bacteroidales	Rikenellaceae	Alistipes	NA
ASV_477	Bacteria	Firmicutes	Clostridia	Oscillospirales	Ruminococcaceae	NA	NA
ASV_478	Bacteria	Firmicutes	Clostridia	Oscillospirales	Oscillospiraceae	NA	NA
ASV_479	Bacteria	Cyanobacteria	Vampirivibrionia	Gastranaerophilales	NA	NA	NA
ASV_480	Bacteria	Bacteroidota	Bacteroidia	Bacteroidales	NA	NA	NA
ASV_481	Bacteria	Firmicutes	NA	NA	NA	NA	NA
ASV_482	Bacteria	Firmicutes	Bacilli	RF39	NA	NA	NA
ASV_483	Bacteria	Bacteroidota	Bacteroidia	Bacteroidales	Bacteroidaceae	Bacteroides	NA
ASV_484	Bacteria	Firmicutes	Clostridia	NA	NA	NA	NA
ASV_485	Bacteria	NA	NA	NA	NA	NA	NA
ASV_486	NA	NA	NA	NA	NA	NA	NA
ASV_487	Bacteria	Firmicutes	NA	NA	NA	NA	NA
ASV_488	Bacteria	Firmicutes	Clostridia	Lachnospirales	Lachnospiraceae	[Eubacterium] ventriosum group	NA
ASV_489	Bacteria	Firmicutes	Bacilli	Erysipelotrichales	Erysipelotrichaceae	Erysipelotrichaceae UCG-006	NA
ASV_490	Bacteria	Firmicutes	Bacilli	Lactobacillales	Leuconostocaceae	Leuconostoc	NA
ASV_491	Bacteria	Firmicutes	Clostridia	Lachnospirales	Lachnospiraceae	NA	NA
ASV_492	Bacteria	Firmicutes	Clostridia	Monoglobales	Monoglobaceae	Monoglobus	NA
ASV_493	Bacteria	Cyanobacteria	Vampirivibrionia	Gastranaerophilales	NA	NA	NA
ASV_494	Bacteria	Firmicutes	Bacilli	Erysipelotrichales	Erysipelatoclostridiaceae	Candidatus Stoquefichus	NA
ASV_495	Bacteria	Firmicutes	Clostridia	Monoglobales	Monoglobaceae	Monoglobus	NA
ASV_496	Bacteria	Campilobacterota	Campylobacteria	Campylobacterales	Campylobacteraceae	Campylobacter	NA
ASV_497	Bacteria	Firmicutes	Clostridia	Lachnospirales	Lachnospiraceae	NA	NA
ASV_498	Bacteria	Firmicutes	Clostridia	NA	NA	NA	NA
ASV_499	Bacteria	Firmicutes	Clostridia	Peptostreptococcales-Tissierellales	NA	Peptoniphilus	NA
ASV_500	Bacteria	Firmicutes	Clostridia	Lachnospirales	Defluviitaleaceae	Defluviitaleaceae UCG-011	NA
ASV_501	Bacteria	Firmicutes	Clostridia	Lachnospirales	Lachnospiraceae	NA	NA
ASV_502	Bacteria	Firmicutes	Clostridia	Lachnospirales	Lachnospiraceae	NA	NA
ASV_503	Bacteria	Firmicutes	Clostridia	Lachnospirales	Lachnospiraceae	NA	NA
ASV_504	Bacteria	Firmicutes	Clostridia	Lachnospirales	Lachnospiraceae	Lachnoclostridium	NA
ASV_505	Bacteria	NA	NA	NA	NA	NA	NA
ASV_506	Bacteria	Firmicutes	NA	NA	NA	NA	NA
ASV_507	NA	NA	NA	NA	NA	NA	NA
ASV_508	Bacteria	Firmicutes	Clostridia	NA	NA	NA	NA
ASV_509	NA	NA	NA	NA	NA	NA	NA
ASV_510	Bacteria	NA	NA	NA	NA	NA	NA
ASV_511	Bacteria	Firmicutes	Clostridia	Peptococcales	Peptococcaceae	Peptococcus	NA
ASV_512	NA	NA	NA	NA	NA	NA	NA
ASV_513	Bacteria	Firmicutes	Clostridia	NA	NA	NA	NA
ASV_514	Bacteria	NA	NA	NA	NA	NA	NA
ASV_515	Bacteria	NA	NA	NA	NA	NA	NA
ASV_516	Bacteria	Firmicutes	Bacilli	Lactobacillales	Lactobacillaceae	Lactobacillus	NA
ASV_517	Bacteria	Firmicutes	Clostridia	Christensenellales	Christensenellaceae	Christensenellaceae R-7 group	NA
ASV_518	Bacteria	NA	NA	NA	NA	NA	NA
ASV_519	Bacteria	Firmicutes	Clostridia	Lachnospirales	Lachnospiraceae	NA	NA
ASV_520	Bacteria	Bacteroidota	Bacteroidia	Bacteroidales	Marinifilaceae	Odoribacter	NA
ASV_521	Bacteria	NA	NA	NA	NA	NA	NA
ASV_522	Bacteria	NA	NA	NA	NA	NA	NA
ASV_523	Bacteria	NA	NA	NA	NA	NA	NA
ASV_524	Bacteria	NA	NA	NA	NA	NA	NA
ASV_525	Bacteria	Bacteroidota	Bacteroidia	Bacteroidales	Prevotellaceae	NA	NA
ASV_526	Bacteria	Firmicutes	Clostridia	Oscillospirales	Oscillospiraceae	NA	NA
ASV_527	Bacteria	Firmicutes	NA	NA	NA	NA	NA
ASV_528	Bacteria	Firmicutes	Clostridia	Peptostreptococcales-Tissierellales	NA	Anaerococcus	NA
ASV_529	Bacteria	NA	NA	NA	NA	NA	NA
ASV_530	Bacteria	NA	NA	NA	NA	NA	NA
ASV_531	Bacteria	Desulfobacterota	Desulfovibrionia	Desulfovibrionales	Desulfovibrionaceae	Bilophila	NA
ASV_532	Bacteria	NA	NA	NA	NA	NA	NA
ASV_533	Bacteria	Bacteroidota	Bacteroidia	NA	NA	NA	NA
ASV_534	Bacteria	Firmicutes	Clostridia	Peptococcales	Peptococcaceae	Peptococcus	NA
